Daniel;Biniek;1fakemail@gugel.com
Daniel;Biniek;2someMail@gmail.com
Daniel;Biniek;3someMail@gmail.com
Daniel;Biniek;4someMail@gmail.com
Daniel;Biniek;5someMail@gmail.com
Daniel;Biniek;6someMail@gmail.com
Daniel;Biniek;7someMail@gmail.com
Daniel;Biniek;8someMail@gmail.com
Daniel;Biniek;9someMail@gmail.com
Daniel;Biniek;10someMail@gmail.com
Daniel;Biniek;11someMail@gmail.com
Daniel;Biniek;12someMail@gmail.com
Daniel;Biniek;13someMail@gmail.com
Daniel;Biniek;14someMail@gmail.com
Daniel;Biniek;15someMail@gmail.com
Daniel;Biniek;16someMail@gmail.com
Daniel;Biniek;17someMail@gmail.com
Daniel;Biniek;18someMail@gmail.com
Daniel;Biniek;19someMail@gmail.com
Daniel;Biniek;20someMail@gmail.com
Daniel;Biniek;21someMail@gmail.com
Daniel;Biniek;22someMail@gmail.com
Daniel;Biniek;23someMail@gmail.com
Daniel;Biniek;24someMail@gmail.com
Daniel;Biniek;25someMail@gmail.com
Daniel;Biniek;26someMail@gmail.com
Daniel;Biniek;27someMail@gmail.com
Daniel;Biniek;28someMail@gmail.com
Daniel;Biniek;29someMail@gmail.com
Daniel;Biniek;30someMail@gmail.com
Daniel;Biniek;31someMail@gmail.com
Daniel;Biniek;32someMail@gmail.com
Daniel;Biniek;33someMail@gmail.com
Daniel;Biniek;34someMail@gmail.com
Daniel;Biniek;35someMail@gmail.com
Daniel;Biniek;36someMail@gmail.com
Daniel;Biniek;37someMail@gmail.com
Daniel;Biniek;38someMail@gmail.com
Daniel;Biniek;39someMail@gmail.com
Daniel;Biniek;40someMail@gmail.com
Daniel;Biniek;41someMail@gmail.com
Daniel;Biniek;42someMail@gmail.com
Daniel;Biniek;43someMail@gmail.com
Daniel;Biniek;44someMail@gmail.com
Daniel;Biniek;45someMail@gmail.com
Daniel;Biniek;46someMail@gmail.com
Daniel;Biniek;47someMail@gmail.com
Daniel;Biniek;48someMail@gmail.com
Daniel;Biniek;49someMail@gmail.com
Daniel;Biniek;50someMail@gmail.com
Daniel;Biniek;51someMail@gmail.com
Daniel;Biniek;52someMail@gmail.com
Daniel;Biniek;53someMail@gmail.com
Daniel;Biniek;54someMail@gmail.com
Daniel;Biniek;55someMail@gmail.com
Daniel;Biniek;56someMail@gmail.com
Daniel;Biniek;57someMail@gmail.com
Daniel;Biniek;58someMail@gmail.com
Daniel;Biniek;59someMail@gmail.com
Daniel;Biniek;60someMail@gmail.com
Daniel;Biniek;61someMail@gmail.com
Daniel;Biniek;62someMail@gmail.com
Daniel;Biniek;63someMail@gmail.com
Daniel;Biniek;64someMail@gmail.com
Daniel;Biniek;65someMail@gmail.com
Daniel;Biniek;66someMail@gmail.com
Daniel;Biniek;67someMail@gmail.com
Daniel;Biniek;68someMail@gmail.com
Daniel;Biniek;69someMail@gmail.com
Daniel;Biniek;70someMail@gmail.com
Daniel;Biniek;71someMail@gmail.com
Daniel;Biniek;72someMail@gmail.com
Daniel;Biniek;73someMail@gmail.com
Daniel;Biniek;74someMail@gmail.com
Daniel;Biniek;75someMail@gmail.com
Daniel;Biniek;76someMail@gmail.com
Daniel;Biniek;77someMail@gmail.com
Daniel;Biniek;78someMail@gmail.com
Daniel;Biniek;79someMail@gmail.com
Daniel;Biniek;80someMail@gmail.com
Daniel;Biniek;81someMail@gmail.com
Daniel;Biniek;82someMail@gmail.com
Daniel;Biniek;83someMail@gmail.com
Daniel;Biniek;84someMail@gmail.com
Daniel;Biniek;85someMail@gmail.com
Daniel;Biniek;86someMail@gmail.com
Daniel;Biniek;87someMail@gmail.com
Daniel;Biniek;88someMail@gmail.com
Daniel;Biniek;89someMail@gmail.com
Daniel;Biniek;90someMail@gmail.com
Daniel;Biniek;91someMail@gmail.com
Daniel;Biniek;92someMail@gmail.com
Daniel;Biniek;93someMail@gmail.com
Daniel;Biniek;94someMail@gmail.com
Daniel;Biniek;95someMail@gmail.com
Daniel;Biniek;96someMail@gmail.com
Daniel;Biniek;97someMail@gmail.com
Daniel;Biniek;98someMail@gmail.com
Daniel;Biniek;99someMail@gmail.com
Daniel;Biniek;100someMail@gmail.com
Daniel;Biniek;101someMail@gmail.com
Daniel;Biniek;102someMail@gmail.com
Daniel;Biniek;103someMail@gmail.com
Daniel;Biniek;104someMail@gmail.com
Daniel;Biniek;105someMail@gmail.com
Daniel;Biniek;106someMail@gmail.com
Daniel;Biniek;107someMail@gmail.com
Daniel;Biniek;108someMail@gmail.com
Daniel;Biniek;109someMail@gmail.com
Daniel;Biniek;110someMail@gmail.com
Daniel;Biniek;111someMail@gmail.com
Daniel;Biniek;112someMail@gmail.com
Daniel;Biniek;113someMail@gmail.com
Daniel;Biniek;114someMail@gmail.com
Daniel;Biniek;115someMail@gmail.com
Daniel;Biniek;116someMail@gmail.com
Daniel;Biniek;117someMail@gmail.com
Daniel;Biniek;118someMail@gmail.com
Daniel;Biniek;119someMail@gmail.com
Daniel;Biniek;120someMail@gmail.com
Daniel;Biniek;121someMail@gmail.com
Daniel;Biniek;122someMail@gmail.com
Daniel;Biniek;123someMail@gmail.com
Daniel;Biniek;124someMail@gmail.com
Daniel;Biniek;125someMail@gmail.com
Daniel;Biniek;126someMail@gmail.com
Daniel;Biniek;127someMail@gmail.com
Daniel;Biniek;128someMail@gmail.com
Daniel;Biniek;129someMail@gmail.com
Daniel;Biniek;130someMail@gmail.com
Daniel;Biniek;131someMail@gmail.com
Daniel;Biniek;132someMail@gmail.com
Daniel;Biniek;133someMail@gmail.com
Daniel;Biniek;134someMail@gmail.com
Daniel;Biniek;135someMail@gmail.com
Daniel;Biniek;136someMail@gmail.com
Daniel;Biniek;137someMail@gmail.com
Daniel;Biniek;138someMail@gmail.com
Daniel;Biniek;139someMail@gmail.com
Daniel;Biniek;140someMail@gmail.com
Daniel;Biniek;141someMail@gmail.com
Daniel;Biniek;142someMail@gmail.com
Daniel;Biniek;143someMail@gmail.com
Daniel;Biniek;144someMail@gmail.com
Daniel;Biniek;145someMail@gmail.com
Daniel;Biniek;146someMail@gmail.com
Daniel;Biniek;147someMail@gmail.com
Daniel;Biniek;148someMail@gmail.com
Daniel;Biniek;149someMail@gmail.com
Daniel;Biniek;150someMail@gmail.com
Daniel;Biniek;151someMail@gmail.com
Daniel;Biniek;152someMail@gmail.com
Daniel;Biniek;153someMail@gmail.com
Daniel;Biniek;154someMail@gmail.com
Daniel;Biniek;155someMail@gmail.com
Daniel;Biniek;156someMail@gmail.com
Daniel;Biniek;157someMail@gmail.com
Daniel;Biniek;158someMail@gmail.com
Daniel;Biniek;159someMail@gmail.com
Daniel;Biniek;160someMail@gmail.com
Daniel;Biniek;161someMail@gmail.com
Daniel;Biniek;162someMail@gmail.com
Daniel;Biniek;163someMail@gmail.com
Daniel;Biniek;164someMail@gmail.com
Daniel;Biniek;165someMail@gmail.com
Daniel;Biniek;166someMail@gmail.com
Daniel;Biniek;167someMail@gmail.com
Daniel;Biniek;168someMail@gmail.com
Daniel;Biniek;169someMail@gmail.com
Daniel;Biniek;170someMail@gmail.com
Daniel;Biniek;171someMail@gmail.com
Daniel;Biniek;172someMail@gmail.com
Daniel;Biniek;173someMail@gmail.com
Daniel;Biniek;174someMail@gmail.com
Daniel;Biniek;175someMail@gmail.com
Daniel;Biniek;176someMail@gmail.com
Daniel;Biniek;177someMail@gmail.com
Daniel;Biniek;178someMail@gmail.com
Daniel;Biniek;179someMail@gmail.com
Daniel;Biniek;180someMail@gmail.com
Daniel;Biniek;181someMail@gmail.com
Daniel;Biniek;182someMail@gmail.com
Daniel;Biniek;183someMail@gmail.com
Daniel;Biniek;184someMail@gmail.com
Daniel;Biniek;185someMail@gmail.com
Daniel;Biniek;186someMail@gmail.com
Daniel;Biniek;187someMail@gmail.com
Daniel;Biniek;188someMail@gmail.com
Daniel;Biniek;189someMail@gmail.com
Daniel;Biniek;190someMail@gmail.com
Daniel;Biniek;191someMail@gmail.com
Daniel;Biniek;192someMail@gmail.com
Daniel;Biniek;193someMail@gmail.com
Daniel;Biniek;194someMail@gmail.com
Daniel;Biniek;195someMail@gmail.com
Daniel;Biniek;196someMail@gmail.com
Daniel;Biniek;197someMail@gmail.com
Daniel;Biniek;198someMail@gmail.com
Daniel;Biniek;199someMail@gmail.com
Daniel;Biniek;200someMail@gmail.com
Daniel;Biniek;201someMail@gmail.com
Daniel;Biniek;202someMail@gmail.com
Daniel;Biniek;203someMail@gmail.com
Daniel;Biniek;204someMail@gmail.com
Daniel;Biniek;205someMail@gmail.com
Daniel;Biniek;206someMail@gmail.com
Daniel;Biniek;207someMail@gmail.com
Daniel;Biniek;208someMail@gmail.com
Daniel;Biniek;209someMail@gmail.com
Daniel;Biniek;210someMail@gmail.com
Daniel;Biniek;211someMail@gmail.com
Daniel;Biniek;212someMail@gmail.com
Daniel;Biniek;213someMail@gmail.com
Daniel;Biniek;214someMail@gmail.com
Daniel;Biniek;215someMail@gmail.com
Daniel;Biniek;216someMail@gmail.com
Daniel;Biniek;217someMail@gmail.com
Daniel;Biniek;218someMail@gmail.com
Daniel;Biniek;219someMail@gmail.com
Daniel;Biniek;220someMail@gmail.com
Daniel;Biniek;221someMail@gmail.com
Daniel;Biniek;222someMail@gmail.com
Daniel;Biniek;223someMail@gmail.com
Daniel;Biniek;224someMail@gmail.com
Daniel;Biniek;225someMail@gmail.com
Daniel;Biniek;226someMail@gmail.com
Daniel;Biniek;227someMail@gmail.com
Daniel;Biniek;228someMail@gmail.com
Daniel;Biniek;229someMail@gmail.com
Daniel;Biniek;230someMail@gmail.com
Daniel;Biniek;231someMail@gmail.com
Daniel;Biniek;232someMail@gmail.com
Daniel;Biniek;233someMail@gmail.com
Daniel;Biniek;234someMail@gmail.com
Daniel;Biniek;235someMail@gmail.com
Daniel;Biniek;236someMail@gmail.com
Daniel;Biniek;237someMail@gmail.com
Daniel;Biniek;238someMail@gmail.com
Daniel;Biniek;239someMail@gmail.com
Daniel;Biniek;240someMail@gmail.com
Daniel;Biniek;241someMail@gmail.com
Daniel;Biniek;242someMail@gmail.com
Daniel;Biniek;243someMail@gmail.com
Daniel;Biniek;244someMail@gmail.com
Daniel;Biniek;245someMail@gmail.com
Daniel;Biniek;246someMail@gmail.com
Daniel;Biniek;247someMail@gmail.com
Daniel;Biniek;248someMail@gmail.com
Daniel;Biniek;249someMail@gmail.com
Daniel;Biniek;250someMail@gmail.com
Daniel;Biniek;251someMail@gmail.com
Daniel;Biniek;252someMail@gmail.com
Daniel;Biniek;253someMail@gmail.com
Daniel;Biniek;254someMail@gmail.com
Daniel;Biniek;255someMail@gmail.com
Daniel;Biniek;256someMail@gmail.com
Daniel;Biniek;257someMail@gmail.com
Daniel;Biniek;258someMail@gmail.com
Daniel;Biniek;259someMail@gmail.com
Daniel;Biniek;260someMail@gmail.com
Daniel;Biniek;261someMail@gmail.com
Daniel;Biniek;262someMail@gmail.com
Daniel;Biniek;263someMail@gmail.com
Daniel;Biniek;264someMail@gmail.com
Daniel;Biniek;265someMail@gmail.com
Daniel;Biniek;266someMail@gmail.com
Daniel;Biniek;267someMail@gmail.com
Daniel;Biniek;268someMail@gmail.com
Daniel;Biniek;269someMail@gmail.com
Daniel;Biniek;270someMail@gmail.com
Daniel;Biniek;271someMail@gmail.com
Daniel;Biniek;272someMail@gmail.com
Daniel;Biniek;273someMail@gmail.com
Daniel;Biniek;274someMail@gmail.com
Daniel;Biniek;275someMail@gmail.com
Daniel;Biniek;276someMail@gmail.com
Daniel;Biniek;277someMail@gmail.com
Daniel;Biniek;278someMail@gmail.com
Daniel;Biniek;279someMail@gmail.com
Daniel;Biniek;280someMail@gmail.com
Daniel;Biniek;281someMail@gmail.com
Daniel;Biniek;282someMail@gmail.com
Daniel;Biniek;283someMail@gmail.com
Daniel;Biniek;284someMail@gmail.com
Daniel;Biniek;285someMail@gmail.com
Daniel;Biniek;286someMail@gmail.com
Daniel;Biniek;287someMail@gmail.com
Daniel;Biniek;288someMail@gmail.com
Daniel;Biniek;289someMail@gmail.com
Daniel;Biniek;290someMail@gmail.com
Daniel;Biniek;291someMail@gmail.com
Daniel;Biniek;292someMail@gmail.com
Daniel;Biniek;293someMail@gmail.com
Daniel;Biniek;294someMail@gmail.com
Daniel;Biniek;295someMail@gmail.com
Daniel;Biniek;296someMail@gmail.com
Daniel;Biniek;297someMail@gmail.com
Daniel;Biniek;298someMail@gmail.com
Daniel;Biniek;299someMail@gmail.com
Daniel;Biniek;300someMail@gmail.com
